Name,Subject,CC,Email
Oscar Wilson,Salary Revision FY2026-27,,oscar.wilson35@mailinator.com
Irene Morris,Product Roadmap Q3,oscar.wilson35@mailinator.com,irene.morris114@mailinator.com
Carol Smith,Onboarding Schedule Update,oscar.wilson35@mailinator.com,carol.smith105@mailinator.com
Julia Rodriguez,Product Roadmap Q3,,julia.rodriguez743@mailinator.com
Chris Mitchell,Q4 Budget Review,,chris.mitchell294@mailinator.com
Katherine Edwards,Monthly Security Report,irene.morris114@mailinator.com,katherine.edwards442@mailinator.com
Xenia Harris,Marketing Campaign 2026,carol.smith105@mailinator.com,xenia.harris114@mailinator.com
Wendy Roberts,Project Alpha Kickoff,,wendy.roberts280@mailinator.com
Ivan Wilson,Deployment Checklist,chris.mitchell294@mailinator.com,ivan.wilson954@mailinator.com
Oscar Turner,Client Feedback Summary,,oscar.turner916@mailinator.com
Ursula Martinez,Vendor Contract Renewal,,ursula.martinez56@mailinator.com
Frank Anderson,Sprint Retrospective Notes,wendy.roberts280@mailinator.com,frank.anderson897@mailinator.com
Oscar Lewis,Client Feedback Summary,ursula.martinez56@mailinator.com,oscar.lewis176@mailinator.com
Rachel Edwards,Marketing Campaign 2026,,rachel.edwards969@mailinator.com
Katherine Baker,Vendor Contract Renewal,xenia.harris114@mailinator.com,katherine.baker756@mailinator.com
Rachel Phillips,Product Roadmap Q3,katherine.edwards442@mailinator.com,rachel.phillips714@mailinator.com
Yusuf Cook,Vendor Contract Renewal,,yusuf.cook67@mailinator.com
Uma Walker,Marketing Campaign 2026,ursula.martinez56@mailinator.com,uma.walker284@mailinator.com
Nathan Campbell,Deployment Checklist,,nathan.campbell521@mailinator.com
Patty Wright,Salary Revision FY2026-27,uma.walker284@mailinator.com,patty.wright156@mailinator.com
Ivan Thomas,Bug Triage Results,,ivan.thomas774@mailinator.com
Laura Walker,Vendor Contract Renewal,,laura.walker380@mailinator.com
Irene Green,Marketing Campaign 2026,,irene.green515@mailinator.com
Henry Brown,Design Review: Homepage v3,,henry.brown652@mailinator.com
Beth Roberts,Deployment Checklist,katherine.baker756@mailinator.com,beth.roberts75@mailinator.com
Hannah Thomas,Q4 Budget Review,,hannah.thomas576@mailinator.com
Henry Evans,Product Roadmap Q3,,henry.evans916@mailinator.com
Yusuf Campbell,Sprint Retrospective Notes,katherine.edwards442@mailinator.com,yusuf.campbell358@mailinator.com
Diana Johnson,Salary Revision FY2026-27,,diana.johnson986@mailinator.com
Xenia Garcia,Sprint Retrospective Notes,,xenia.garcia529@mailinator.com
Tina Phillips,Training Session Materials,frank.anderson897@mailinator.com,tina.phillips529@mailinator.com
Xenia Williams,Compliance Audit Reminder,,xenia.williams562@mailinator.com
Mike White,Q4 Budget Review,henry.brown652@mailinator.com,mike.white510@mailinator.com
Tina Taylor,Vendor Contract Renewal,,tina.taylor69@mailinator.com
Frank Thompson,API Deprecation Notice,,frank.thompson759@mailinator.com
Xenia Baker,Server Maintenance Window,tina.phillips529@mailinator.com,xenia.baker794@mailinator.com
Julia Williams,Compliance Audit Reminder,,julia.williams281@mailinator.com
Beth Miller,Product Roadmap Q3,,beth.miller961@mailinator.com
Tom Rodriguez,Team Outing Confirmation,henry.brown652@mailinator.com,tom.rodriguez740@mailinator.com
Chris Adams,Sprint Retrospective Notes,chris.mitchell294@mailinator.com,chris.adams472@mailinator.com
Victor Smith,Product Roadmap Q3,katherine.baker756@mailinator.com,victor.smith612@mailinator.com
Alice Martinez,Project Alpha Kickoff,carol.smith105@mailinator.com,alice.martinez734@mailinator.com
Victor Martinez,Vendor Contract Renewal,xenia.williams562@mailinator.com,victor.martinez536@mailinator.com
Nathan Baker,Bug Triage Results,,nathan.baker145@mailinator.com
Paul Hill,Hiring Pipeline Update,xenia.harris114@mailinator.com,paul.hill836@mailinator.com
Ray Allen,Hiring Pipeline Update,,ray.allen372@mailinator.com
Vince Lee,Sprint Retrospective Notes,laura.walker380@mailinator.com,vince.lee699@mailinator.com
Grace Taylor,Onboarding Schedule Update,,grace.taylor206@mailinator.com
Irene Allen,Salary Revision FY2026-27,,irene.allen197@mailinator.com
Eva King,Product Roadmap Q3,alice.martinez734@mailinator.com,eva.king837@mailinator.com
Ivan Johnson,Vendor Contract Renewal,xenia.williams562@mailinator.com,ivan.johnson105@mailinator.com
Eric Miller,Deployment Checklist,,eric.miller895@mailinator.com
Katherine Robinson,Deployment Checklist,ivan.johnson105@mailinator.com,katherine.robinson12@mailinator.com
Diana Jackson,Product Roadmap Q3,,diana.jackson443@mailinator.com
Fiona Brown,Team Outing Confirmation,julia.rodriguez743@mailinator.com,fiona.brown204@mailinator.com
Laura Morris,Project Alpha Kickoff,,laura.morris565@mailinator.com
David Lee,API Deprecation Notice,,david.lee608@mailinator.com
Hannah Williams,Compliance Audit Reminder,frank.anderson897@mailinator.com,hannah.williams68@mailinator.com
Eva Roberts,Vendor Contract Renewal,,eva.roberts79@mailinator.com
Kevin Taylor,Training Session Materials,katherine.edwards442@mailinator.com,kevin.taylor602@mailinator.com
Adam Parker,Bug Triage Results,,adam.parker607@mailinator.com
Quinn Miller,Monthly Security Report,hannah.thomas576@mailinator.com,quinn.miller695@mailinator.com
Irene Parker,Team Outing Confirmation,,irene.parker670@mailinator.com
Xenia Martinez,Infrastructure Cost Analysis,,xenia.martinez19@mailinator.com
Kevin Chen,Product Roadmap Q3,tina.taylor69@mailinator.com,kevin.chen85@mailinator.com
Irene Clark,Marketing Campaign 2026,,irene.clark912@mailinator.com
Xander Jackson,Infrastructure Cost Analysis,,xander.jackson171@mailinator.com
Ursula Martin,Compliance Audit Reminder,tom.rodriguez740@mailinator.com,ursula.martin636@mailinator.com
Ray Chen,Server Maintenance Window,rachel.edwards969@mailinator.com,ray.chen971@mailinator.com
Willow Nelson,Salary Revision FY2026-27,henry.evans916@mailinator.com,willow.nelson169@mailinator.com
Ursula Harris,Salary Revision FY2026-27,,ursula.harris218@mailinator.com
Quinn Lee,Hiring Pipeline Update,,quinn.lee104@mailinator.com
Carol Johnson,Server Maintenance Window,,carol.johnson351@mailinator.com
Quinn Williams,Infrastructure Cost Analysis,,quinn.williams769@mailinator.com
Beth Nelson,Sprint Retrospective Notes,patty.wright156@mailinator.com,beth.nelson19@mailinator.com
Ivan Davis,Client Feedback Summary,,ivan.davis864@mailinator.com
Jack Allen,Project Alpha Kickoff,katherine.edwards442@mailinator.com,jack.allen140@mailinator.com
Wendy Miller,Vendor Contract Renewal,,wendy.miller708@mailinator.com
Wendy Cook,Hiring Pipeline Update,,wendy.cook583@mailinator.com
Willow Brown,Vendor Contract Renewal,,willow.brown957@mailinator.com
Liam Young,Design Review: Homepage v3,,liam.young35@mailinator.com
Victor Young,Vendor Contract Renewal,rachel.edwards969@mailinator.com,victor.young831@mailinator.com
Yuki Davis,API Deprecation Notice,eva.roberts79@mailinator.com,yuki.davis889@mailinator.com
Wendy Martin,Vendor Contract Renewal,beth.roberts75@mailinator.com,wendy.martin850@mailinator.com
Zara Harris,Marketing Campaign 2026,,zara.harris295@mailinator.com
Rachel Clark,Compliance Audit Reminder,ray.chen971@mailinator.com,rachel.clark666@mailinator.com
Victor Smith,Salary Revision FY2026-27,tina.taylor69@mailinator.com,victor.smith128@mailinator.com
Carol Chen,Hiring Pipeline Update,victor.smith612@mailinator.com,carol.chen620@mailinator.com
Beth Roberts,Sprint Retrospective Notes,quinn.williams769@mailinator.com,beth.roberts533@mailinator.com
Mona Thomas,Hiring Pipeline Update,ray.chen971@mailinator.com,mona.thomas55@mailinator.com
Sarah Stewart,Onboarding Schedule Update,ivan.wilson954@mailinator.com,sarah.stewart972@mailinator.com
Ray Harris,Monthly Security Report,,ray.harris648@mailinator.com
Henry Stewart,Team Outing Confirmation,,henry.stewart931@mailinator.com
Ray Young,Deployment Checklist,,ray.young344@mailinator.com
Julia Patel,Hiring Pipeline Update,,julia.patel206@mailinator.com
Yuki Evans,Design Review: Homepage v3,,yuki.evans776@mailinator.com
Tina Walker,Q4 Budget Review,henry.evans916@mailinator.com,tina.walker571@mailinator.com
Beth Mitchell,Monthly Security Report,,beth.mitchell631@mailinator.com
Chris Evans,Compliance Audit Reminder,,chris.evans228@mailinator.com
Willow Williams,Marketing Campaign 2026,zara.harris295@mailinator.com,willow.williams684@mailinator.com
